title,animal
The Little Prince,fox
Goodnight Moon,rabbit
"Winnie-the-Pooh (Winnie-the-Pooh, #1)",bear
"Winnie-the-Pooh (Winnie-the-Pooh, #1)",rabbit
The Velveteen Rabbit,rabbit
"The Tale of Peter Rabbit (World of Beatrix Potter, #1)",rabbit
"The Tale of Peter Rabbit (World of Beatrix Potter, #1)",rabbit
"The Tale of Peter Rabbit (World of Beatrix Potter, #1)",mouse
"The Tale of Peter Rabbit (World of Beatrix Potter, #1)",cat
Curious George,monkey
"Caps for Sale: A Tale of a Peddler, Some Monkeys and Their Monkey Business",monkey
Make Way for Ducklings,duck
Make Way for Ducklings,duck
The Runaway Bunny,bunny
The Runaway Bunny,bunny
The Poky Little Puppy,puppy
Blueberries for Sal,bear
Blueberries for Sal,bear
Blueberries for Sal,crow
Blueberries for Sal,partridge
"The Story of Babar (Babar, #1)",elephant
"The Story of Babar (Babar, #1)",elephant
"The Story of Babar (Babar, #1)",elephant
"The Story of Babar (Babar, #1)",elephant
"The Story of Babar (Babar, #1)",elephant
Horton Hatches the Egg,elephant
Horton Hatches the Egg,bird
The Story About Ping,duck
The Ugly Duckling,stork
The Ugly Duckling,duck
The Ugly Duckling,duck
The Ugly Duckling,swan
The Ugly Duckling,turkey
The Ugly Duckling,cat
Rudolph the Red-nosed Reindeer (A Golden Book) 1976,reindeer
Rudolph the Red-nosed Reindeer (A Golden Book) 1976,reindeer
Walt Disney's Three Little Pigs (A Little Golden Book),pig
Walt Disney's Three Little Pigs (A Little Golden Book),pig
Walt Disney's Three Little Pigs (A Little Golden Book),pig
Walt Disney's Three Little Pigs (A Little Golden Book),wolf
Walt Disney's Dumbo (A Little Golden Book),elephant
Walt Disney's Dumbo (A Little Golden Book),elephant
Walt Disney's Dumbo (A Little Golden Book),mouse
And to Think That I Saw It on Mulberry Street,reindeer
And to Think That I Saw It on Mulberry Street,elephant
Pat the Bunny,bunny
Nutcracker,mouse
Nutcracker,mouse
Millions of Cats,cat
The Three Little Kittens,cat
The Saggy Baggy Elephant,elephant
The Saggy Baggy Elephant,parrot
The Saggy Baggy Elephant,tiger
The Saggy Baggy Elephant,lion
The Snow Queen (Everyman's Library Children's Classics Series),reindeer
The Snow Queen (Everyman's Library Children's Classics Series),crow
The Snow Queen (Everyman's Library Children's Classics Series),crow
Rikki-Tikki-Tavi,mongoose
Rikki-Tikki-Tavi,bird
Rikki-Tikki-Tavi,bird
Rikki-Tikki-Tavi,cobra
Rikki-Tikki-Tavi,cobra
Rikki-Tikki-Tavi,snake
Rikki-Tikki-Tavi,muskrat
"The Tale of Benjamin Bunny (World of Beatrix Potter, #4)",rabbit
"The Tale of Benjamin Bunny (World of Beatrix Potter, #4)",rabbit
"The Tale of Benjamin Bunny (World of Beatrix Potter, #4)",rabbit
"The Tale of Benjamin Bunny (World of Beatrix Potter, #4)",rabbit
"The Tale of Benjamin Bunny (World of Beatrix Potter, #4)",cat
"The Tale of Benjamin Bunny (World of Beatrix Potter, #4)",rabbit
"The Tale of Benjamin Bunny (World of Beatrix Potter, #4)",rabbit
"The Tale of Benjamin Bunny (World of Beatrix Potter, #4)",rabbit
"The Tale of Benjamin Bunny (World of Beatrix Potter, #4)",cat
"The Tale of Benjamin Bunny (World of Beatrix Potter, #4)",rabbit
"The Tale of Mrs. Tiggy-Winkle (World of Beatrix Potter, #6)",kitten
"The Tale of Mrs. Tiggy-Winkle (World of Beatrix Potter, #6)",robin
"The Tale of Mrs. Tiggy-Winkle (World of Beatrix Potter, #6)",hedgehog
The Three Billy Goats Gruff,goat
The Three Billy Goats Gruff,goat
The Three Billy Goats Gruff,goat
Thumbelina,toad
Thumbelina,toad
Thumbelina,butterfly
Thumbelina,maybug
Thumbelina,mouse
Thumbelina,mole
Thumbelina,swallow
Bambi,magpie
Bambi,deer
Bambi,deer
Bambi,rabbit
Bambi,deer
"The Tale of Jemima Puddle-Duck (World of Beatrix Potter, #12)",duck
"The Tale of Jemima Puddle-Duck (World of Beatrix Potter, #12)",duck
"The Tale of Jemima Puddle-Duck (World of Beatrix Potter, #12)",dog
"The Tale of Jemima Puddle-Duck (World of Beatrix Potter, #12)",fox
Curious George takes a job,monkey
Pinocchio (A Little Golden Book),cricket
Pinocchio (A Little Golden Book),fox
Pinocchio (A Little Golden Book),dove
Pinocchio (A Little Golden Book),whale
"The Tale of Mr. Jeremy Fisher (World of Beatrix Potter, #8)",frog
"The Tale of Mr. Jeremy Fisher (World of Beatrix Potter, #8)",trout
"The Tale of Mr. Jeremy Fisher (World of Beatrix Potter, #8)",newt
"The Tale of Mr. Jeremy Fisher (World of Beatrix Potter, #8)",tortoise
The Country Bunny and the Little Gold Shoes,rabbit
The Country Bunny and the Little Gold Shoes,rabbit
The Country Bunny and the Little Gold Shoes,rabbit
"The Tale of Tom Kitten (World of Beatrix Potter, #11)",cat
"The Tale of Tom Kitten (World of Beatrix Potter, #11)",cat
"The Tale of Tom Kitten (World of Beatrix Potter, #11)",cat
"The Tale of Tom Kitten (World of Beatrix Potter, #11)",duck
Puss in Boots,cat
The Very Hungry Caterpillar,caterpillar
Are You My Mother?,bird
Are You My Mother?,bird
Are You My Mother?,kitten
Corduroy,bear
"One Fish, Two Fish, Red Fish, Blue Fish",bird
Clifford the Big Red Dog,dog
Fox in Socks,fox
Fox in Socks,goose
Sylvester and the Magic Pebble,donkey
Sylvester and the Magic Pebble,donkey
Sylvester and the Magic Pebble,donkey
Sylvester and the Magic Pebble,wolf
"Lyle, Lyle, Crocodile",crocodile
Swimmy,fish
Swimmy,fish
Frédéric,mouse
A Fish Out of Water (Beginner Books(R)),fish
The Tiger Who Came to Tea,tiger
The Best Nest,bird
The Best Nest,bird
If You Give a Mouse a Cookie,mouse
The True Story of the 3 Little Pigs,pig
The True Story of the 3 Little Pigs,pig
The True Story of the 3 Little Pigs,pig
Guess How Much I Love You,rabbit
Guess How Much I Love You,rabbit
The Mitten,mole
The Mitten,rabbit
The Mitten,hedgehog
The Mitten,owl
The Mitten,badger
The Mitten,fox
The Mitten,bear
The Mitten,mouse
The Very Busy Spider,spider
The Little Mermaid,seagull
The Little Mermaid,crab
The Berenstain Bears and the Messy Room,bear
The Berenstain Bears and the Messy Room,bear
The Berenstain Bears and the Messy Room,bear
The Berenstain Bears and the Messy Room,bear
Five Little Monkeys Jumping on the Bed,monkey
Five Little Monkeys Jumping on the Bed,monkey
Five Little Monkeys Jumping on the Bed,monkey
Five Little Monkeys Jumping on the Bed,monkey
Five Little Monkeys Jumping on the Bed,monkey
Little Red Riding Hood,wolf
Is Your Mama a Llama?,bat
Is Your Mama a Llama?,duck
Is Your Mama a Llama?,seal
Is Your Mama a Llama?,kangaroo
Is Your Mama a Llama?,llama
Where's Spot?,dog
Lon Po Po: A Red-Riding Hood Story from China,wolf
The Berenstain Bears' Trouble at School,bear
The Berenstain Bears' Trouble at School,bear
The Berenstain Bears' Trouble at School,bear
The Berenstain Bears' Trouble at School,bear
The Berenstain Bears' Trouble at School,bear
The Berenstain Bears' Trouble at School,bear
The Berenstain Bears' Trouble at School,bear
The Berenstain Bears' Trouble at School,bear
The Berenstain Bears' Trouble at School,bear
The Berenstain Bears' Trouble at School,bear
The Berenstain Bears' Trouble at School,bear
The Berenstain Bears' Trouble at School,bear
Mouse Paint,mouse
Mouse Paint,mouse
Mouse Paint,mouse
"Olivia (Olivia, #1)",pig
"Olivia (Olivia, #1)",pig
"Olivia (Olivia, #1)",pig
Dewey: The Small-Town Library Cat Who Touched the World,cat
Dewey: The Small-Town Library Cat Who Touched the World,mouse
Llama Llama Red Pajama,llama
Llama Llama Red Pajama,llama
If You Take a Mouse to School,mouse
How Do Dinosaurs Say Good Night?,dinosaur
How Do Dinosaurs Say Good Night?,dinosaur
How Do Dinosaurs Say Good Night?,dinosaur
How Do Dinosaurs Say Good Night?,dinosaur
How Do Dinosaurs Say Good Night?,dinosaur
How Do Dinosaurs Say Good Night?,dinosaur
How Do Dinosaurs Say Good Night?,dinosaur
Skippyjon Jones,cat
Skippyjon Jones,cat
Bear Snores On,mouse
Bear Snores On,bear
Diary of a Worm,worm
Diary of a Worm,worm
Diary of a Worm,spider
"Giggle, Giggle, Quack",duck
Kitten's First Full Moon,kitten
Room on the Broom,dog
Room on the Broom,frog
Room on the Broom,bird
If You Give a Pig a Party,pig
If You Take a Mouse to the Movies (A Special Christmas Edition),mouse
The Three Pigs,wolf
The Three Pigs,pig
The Three Pigs,pig
The Three Pigs,pig
Llama Llama Mad at Mama,llama
Llama Llama Mad at Mama,llama
Wemberly Worried,mouse
Wemberly Worried,mouse
Wemberly Worried,mouse
Wemberly Worried,mouse
"Today I Will Fly! (Elephant & Piggie, #1)",pig
"Knight Owl (The Knight Owl Series, 1)",owl
Mel Fell,bird
Mel Fell,bird
Mel Fell,bird
Mel Fell,bird
Mel Fell,spider
Creepy Crayon!,rabbit
Creepy Crayon!,rabbit
"We Will Rock Our Classmates (Penelope Rex, #2)",dinosaur
"We Will Rock Our Classmates (Penelope Rex, #2)",dinosaur
"We Will Rock Our Classmates (Penelope Rex, #2)",dinosaur
In a Jar,rabbit
In a Jar,rabbit
In a Jar,rabbit
"Little Bear's Friend (Little Bear, #3)",bear
"Little Bear's Friend (Little Bear, #3)",bear
Elmer (Elmer Books),elephant
"A Kiss for Little Bear (Little Bear, #5)",bear
"A Kiss for Little Bear (Little Bear, #5)",bear
"A Kiss for Little Bear (Little Bear, #5)",frog
"A Kiss for Little Bear (Little Bear, #5)",cat
"A Kiss for Little Bear (Little Bear, #5)",skunk
"A Kiss for Little Bear (Little Bear, #5)",skunk
Clifford's Halloween,dog
What Do People Do All Day?,fox
What Do People Do All Day?,cat
The Country Mouse and the City Mouse; The Fox and the Crow; The Dog and His Bone,mouse
The Country Mouse and the City Mouse; The Fox and the Crow; The Dog and His Bone,mouse
The Country Mouse and the City Mouse; The Fox and the Crow; The Dog and His Bone,crow
The Country Mouse and the City Mouse; The Fox and the Crow; The Dog and His Bone,warthog
The Country Mouse and the City Mouse; The Fox and the Crow; The Dog and His Bone,fox
The Country Mouse and the City Mouse; The Fox and the Crow; The Dog and His Bone,dog
Dr. Seuss's Sleep Book,moose
Dr. Seuss's Sleep Book,goose
Pierre: A Cautionary Tale in Five Chapters and a Prologue,lion
"Little Bear's Visit (Little Bear, #4)",bear
"Little Bear's Visit (Little Bear, #4)",bear
"Little Bear's Visit (Little Bear, #4)",bear
"Little Bear's Visit (Little Bear, #4)",bear
"Little Bear's Visit (Little Bear, #4)",bear
Doctor De Soto,mouse
Doctor De Soto,fox
Doctor De Soto,mouse
But Not the Hippopotamus,hippo
The Berenstain Bears Forget Their Manners,bear
The Berenstain Bears Forget Their Manners,bear
The Berenstain Bears Forget Their Manners,bear
The Berenstain Bears Forget Their Manners,bear
The Berenstain Bears Forget Their Manners,bear
A House for Hermit Crab,crab
A House for Hermit Crab,crab
Curious George Goes to the Zoo,monkey
Curious George Goes to the Zoo,rhino
Curious George Goes to the Zoo,rhino
Tacky the Penguin,penguin
The Berenstain Bears' Moving Day,bear
The Berenstain Bears' Moving Day,bear
The Berenstain Bears' Moving Day,bear
The Berenstain Bears' Moving Day,bear
The Berenstain Bears Go to the Doctor,bear
The Berenstain Bears Go to the Doctor,bear
The Berenstain Bears Go to the Doctor,bear
The Berenstain Bears Go to the Doctor,bear
The Berenstain Bears Go to the Doctor,bear
Goldilocks and the Three Bears,bear
Goldilocks and the Three Bears,bear
The Pout-Pout Fish,fish
The Pout-Pout Fish,clam
The Pout-Pout Fish,jellyfish
The Pout-Pout Fish,squid
The Pout-Pout Fish,lantern fish
The Pout-Pout Fish,fish
Scaredy Squirrel,squirrel
The Eleventh Hour,elephant
The Eleventh Hour,pig
The Eleventh Hour,mouse
The Eleventh Hour,cat
Duck on a Bike,duck
Duck on a Bike,sheep
Duck on a Bike,dog
Duck on a Bike,cat
Duck on a Bike,horse
Duck on a Bike,chicken
Duck on a Bike,goat
Duck on a Bike,mouse
If You Give a Cat a Cupcake,cat
Bad Kitty,kitten
Llama Llama Misses Mama,llama
Llama Llama Misses Mama,llama
Zen Shorts,bear
And Tango Makes Three,penguin
And Tango Makes Three,penguin
And Tango Makes Three,penguin
Mercy Watson to the Rescue,pig
The Three Billy Goats Gruff,goat
The Three Billy Goats Gruff,goat
The Three Billy Goats Gruff,goat
Itty-Bitty Kitty-Corn: A Picture Book,kitten
Little Witch Hazel: A Year in the Forest,owl
Little Witch Hazel: A Year in the Forest,mouse
Little Witch Hazel: A Year in the Forest,newt
It Fell from the Sky,ladybug
It Fell from the Sky,walking stick
It Fell from the Sky,grasshopper
It Fell from the Sky,stink bug
It Fell from the Sky,frog
It Fell from the Sky,luna moth
It Fell from the Sky,spider
Cat Problems (Animal Problems),squirrel
"Norman Didn't Do It!: (Yes, He Did)",porcupine
"Chez Bob (Chez Bob, 1)",alligator
"Oona (Oona, 1)",otter
Snail Crossing,snail
"Something's Wrong!: A Bear, a Hare, and Some Underwear",bear
"Something's Wrong!: A Bear, a Hare, and Some Underwear",rabbit
Wild Symphony,armadillo
Wild Symphony,hippo
Wild Symphony,ostrich
Mina (ebook),mouse
Mina (ebook),mouse
Mina (ebook),walking stick
Out of a Jar,bunny
Out of a Jar,bunny
A Polar Bear in the Snow,bear
Inside Cat,cat
Fluffy McWhiskers Cuteness Explosion,cat
The Christmas Wish,horse
The Christmas Wish,ox
The Christmas Wish,bear
The Christmas Wish,reindeer
The Bruce Swap,bear
The Bruce Swap,bear
"I'm Not Scared, You're Scared!",bear
"I'm Not Scared, You're Scared!",rabbit
"I'm Not Scared, You're Scared!",bird
Pebbles and the Biggest Number,butterfly
Pebbles and the Biggest Number,camel
Pebbles and the Biggest Number,eel
Pebbles and the Biggest Number,frog
Pebbles and the Biggest Number,crab
Pebbles and the Biggest Number,dolphin
Pebbles and the Biggest Number,eagle
Pebbles and the Biggest Number,dog
Pebbles and the Biggest Number,butterfly
Alexander and the Wind-Up Mouse,mouse
Harry and the Lady Next Door,dog
Inch by Inch,inchworm
The Fire Cat,cat
Lafcadio : The Lion Who Shot Back,lion
Curious George Learns the Alphabet,monkey
Possum Magic,possum
Possum Magic,possum
The Berenstain Bears No Girls Allowed,bear
The Berenstain Bears No Girls Allowed,bear
The Berenstain Bears No Girls Allowed,bear
The Berenstain Bears No Girls Allowed,bear
Fables,wolf
Fables,frog
Fables,mouse
Fables,cat
The Berenstain Bears and the Truth,bear
The Berenstain Bears and the Truth,bear
The Berenstain Bears and the Truth,bear
The Berenstain Bears and the Truth,bear
The Berenstain Bears Trick or Treat,bear
The Berenstain Bears Trick or Treat,bear
The Berenstain Bears Trick or Treat,bear
The Berenstain Bears Trick or Treat,bear
The Berenstain Bears Trick or Treat,bear
The Berenstain Bears Trick or Treat,bear
Arthur's Halloween,aardvark
Arthur's Halloween,aardvark
Arthur's Halloween,aardvark
"Skippyjon Jones in Mummy Trouble (Skippyjon Jones, #3)",kitten
"Skippyjon Jones in Mummy Trouble (Skippyjon Jones, #3)",cat
Curious George Visits the Library,monkey
My Friend Rabbit: A Picture Book,rabbit
Library Lion,lion
Cozy,ox
Cozy,lemming
Cozy,hare
Cozy,fox
Cozy,wolverine
Cozy,ox
Cozy,ox
Bright Winter Night,beaver
Bright Winter Night,wren
Bright Winter Night,bear
We Don't Lose Our Class Goldfish,dinosaur
We Don't Lose Our Class Goldfish,dinosaur
Pig the Monster,dog
Pig the Monster,dog
Pete the Cat's Groovy Imagination,cat
"The Cat in the Hat (The Cat in the Hat, #1)",cat
"The Cat in the Hat (The Cat in the Hat, #1)",fish
How the Grinch Stole Christmas!,dog
Horton Hears a Who!,elephant
Horton Hears a Who!,kangaroo
Horton Hears a Who!,eagle
"Little Bear (Little Bear, #1)",bear
"Little Bear (Little Bear, #1)",bear
"Little Bear (Little Bear, #1)",duck
"Little Bear (Little Bear, #1)",cat
Harry the Dirty Dog,dog
Yertle the Turtle and Other Stories,turtle
Yertle the Turtle and Other Stories,bird
Yertle the Turtle and Other Stories,rabbit
Yertle the Turtle and Other Stories,bear
Yertle the Turtle and Other Stories,turtle
Yertle the Turtle and Other Stories,bird
Yertle the Turtle and Other Stories,bird
Yertle the Turtle and Other Stories,worm
Lady and the Tramp,dog
Lady and the Tramp,dog
Lady and the Tramp,rat
"The Cat in the Hat Comes Back (The Cat in the Hat, #2)",cat
Danny and the Dinosaur,dinosaur
Madeline's Rescue,dog
The Little Red Hen,mouse
Curious George Rides a Bike,monkey
Curious George Rides a Bike,bear
Tawny Scrawny Lion (Little Golden Book),lion
Tawny Scrawny Lion (Little Golden Book),rabbit
A Fly Went By,fly
A Fly Went By,frog
A Fly Went By,dog
A Fly Went By,pig
A Fly Went By,fox
A Fly Went By,sheep
Frog and Toad Are Friends (An I Can Read Book),frog
Frog and Toad Are Friends (An I Can Read Book),toad
Frog and Toad Are Friends (An I Can Read Book),raccoon
A Pocket for Corduroy,bear
The Grouchy Ladybug,ladybug
The Grouchy Ladybug,yellow jacket
The Grouchy Ladybug,stag beetle
The Grouchy Ladybug,praying mantis
The Grouchy Ladybug,sparrow
The Grouchy Ladybug,lobster
The Grouchy Ladybug,skunk
The Grouchy Ladybug,hyena
The Grouchy Ladybug,gorilla
The Grouchy Ladybug,rhino
The Grouchy Ladybug,elephant
Why Mosquitoes Buzz in People's Ears: A West African Tale,mosquito
Why Mosquitoes Buzz in People's Ears: A West African Tale,iguana
Why Mosquitoes Buzz in People's Ears: A West African Tale,python
Why Mosquitoes Buzz in People's Ears: A West African Tale,rabbit
Why Mosquitoes Buzz in People's Ears: A West African Tale,crow
Why Mosquitoes Buzz in People's Ears: A West African Tale,monkey
Why Mosquitoes Buzz in People's Ears: A West African Tale,owl
Why Mosquitoes Buzz in People's Ears: A West African Tale,lion
The Enormous Crocodile,crocodile
The Enormous Crocodile,hippo
The Enormous Crocodile,elephant
The Enormous Crocodile,monkey
The Enormous Crocodile,bird
A Color of His Own,chameleon
A Color of His Own,chameleon
The Rainbow Fish,fish
The Rainbow Fish,fish
The Rainbow Fish,octopus
Stellaluna,bat
Stellaluna,bat
Stellaluna,bird
Stellaluna,bat
"Click, Clack, Moo: Cows That Type",duck
The Kissing Hand,raccoon
The Kissing Hand,raccoon
If You Give a Pig a Pancake,pig
If You Give a Moose a Muffin,moose
"Frog and Toad Together (Frog and Toad, #2)",frog
"Frog and Toad Together (Frog and Toad, #2)",toad
"Frog and Toad Together (Frog and Toad, #2)",snake
"Frog and Toad All Year (Frog and Toad, #3)",lizard
"Frog and Toad All Year (Frog and Toad, #3)",frog
"Frog and Toad All Year (Frog and Toad, #3)",toad
"Days with Frog and Toad (Frog and Toad, #4)",frog
"Days with Frog and Toad (Frog and Toad, #4)",toad
"Days with Frog and Toad (Frog and Toad, #4)",frog
"Days with Frog and Toad (Frog and Toad, #4)",turtle
The Mixed-Up Chameleon,chameleon
The Three Little Pigs (A Little Golden Book),pig
The Three Little Pigs (A Little Golden Book),pig
The Three Little Pigs (A Little Golden Book),pig
The Three Little Pigs (A Little Golden Book),wolf
"The Gruffalo (Gruffalo, #1)",fox
"The Gruffalo (Gruffalo, #1)",owl
"The Gruffalo (Gruffalo, #1)",snake
Lilly's Purple Plastic Purse,mouse
Lilly's Purple Plastic Purse,mouse
Lilly's Purple Plastic Purse,mouse
Lilly's Purple Plastic Purse,mouse
Lilly's Purple Plastic Purse,mouse
Officer Buckle and Gloria,dog
Disney's The Lion King (A Little Golden Book),lion
Disney's The Lion King (A Little Golden Book),lion
Disney's The Lion King (A Little Golden Book),lion
Disney's The Lion King (A Little Golden Book),bird
Disney's The Lion King (A Little Golden Book),meerkat
Disney's The Lion King (A Little Golden Book),lion
Disney's The Lion King (A Little Golden Book),baboon
The Very Quiet Cricket,cricket
The Very Quiet Cricket,praying mantis
The Very Quiet Cricket,worm
The Very Quiet Cricket,cricket
The Hat,hedgehog
The Hat,cat
The Hat,dog
The Hat,pig
"The Boy, the Mole, the Fox and the Horse",mole
"The Boy, the Mole, the Fox and the Horse",fox
Go the Fuck to Sleep,sparrow
Pete the Cat: I Love My White Shoes,cat
I Want My Hat Back,rabbit
Giraffes Can't Dance,giraffe
Giraffes Can't Dance,cricket
This Is Not My Hat,fish
This Is Not My Hat,crab
A Sick Day for Amos McGee:,elephant
A Sick Day for Amos McGee:,tortoise
A Sick Day for Amos McGee:,penguin
A Sick Day for Amos McGee:,rhino
A Sick Day for Amos McGee:,owl
A Day in the Life of Marlon Bundo (Kindle Edition),bunny
A Day in the Life of Marlon Bundo (Kindle Edition),stink bug
A Day in the Life of Marlon Bundo (Kindle Edition),bunny
A Day in the Life of Marlon Bundo (Kindle Edition),badger
A Day in the Life of Marlon Bundo (Kindle Edition),cat
A Day in the Life of Marlon Bundo (Kindle Edition),cat
Creepy Carrots!,rabbit
Creepy Carrots!,rabbit
Creepy Carrots!,rabbit
Interrupting Chicken,wolf
Interrupting Chicken,chicken
Me... Jane,chimpanzee
Pete the Cat and His Four Groovy Buttons,cat
"Narwhal: Unicorn of the Sea  (Narwhal and Jelly, #1)",narwhal
Pete the Cat: Rocking in My School Shoes: A Back to School Book for Kids,cat
Pete the Cat: Rocking in My School Shoes: A Back to School Book for Kids,cat
"We Don't Eat Our Classmates (Penelope Rex, #1)",dinosaur
"We Don't Eat Our Classmates (Penelope Rex, #1)",dinosaur
"We Don't Eat Our Classmates (Penelope Rex, #1)",dinosaur
"We Don't Eat Our Classmates (Penelope Rex, #1)",fish
No Roses for Harry!,dog
No Roses for Harry!,bird
Sammy the Seal,seal
Happy Birthday to You!,bird
Sam and the Firefly,owl
Sam and the Firefly,firefly
Baby Farm Animals,sheep
Baby Farm Animals,rabbit
Baby Farm Animals,donkey
Baby Farm Animals,pig
Baby Farm Animals,goose
Baby Farm Animals,horse
Baby Farm Animals,pony
If I Ran the Circus,whale
The Gingerbread Man,bear
The Gingerbread Man,fox
The Biggest Bear,bear
The Bunny Book,bunny
The Bunny Book,bunny
The Bunny Book,bunny
The Bunny Book,bunny
The Bunny Book,bunny
The Bunny Book,bunny
The Bunny Book,bunny
The Bunny Book,bunny
The Bunny Book,bunny
The Bunny Book,bunny
The Bunny Book,bunny
The Bunny Book,bunny
On Beyond Zebra!,bird
"Anatole (Anatole, #1)",mouse
"Anatole (Anatole, #1)",mouse
"Anatole (Anatole, #1)",mouse
Chanticleer and the Fox,fox
In a People House,bird
Walt Disney's Winnie the Pooh and Tigger Too,bear
Walt Disney's Winnie the Pooh and Tigger Too,tiger
Walt Disney's Winnie the Pooh and Tigger Too,rabbit
A Bargain for Frances (I Can Read Level 2),badger
A Bargain for Frances (I Can Read Level 2),badger
A Bargain for Frances (I Can Read Level 2),badger
A Bargain for Frances (I Can Read Level 2),badger
The Hat,hedgehog
The Hat,cat
The Hat,dog
The Hat,pig
The Hat,pony
Owen,mouse
Owen,mouse
Owen,mouse
Owen,mouse
Owl Babies,owl
Owl Babies,owl
Owl Babies,owl
Owl Babies,owl
"Bark, George",dog
"Bark, George",dog
The Three Little Wolves and the Big Bad Pig,wolf
The Three Little Wolves and the Big Bad Pig,kangaroo
The Three Little Wolves and the Big Bad Pig,pig
The Three Little Wolves and the Big Bad Pig,beaver
The Three Little Wolves and the Big Bad Pig,rhino
The Three Little Wolves and the Big Bad Pig,flamingo
Goldilocks and the Three Dinosaurs,dinosaur
Goldilocks and the Three Dinosaurs,dinosaur
Children Make Terrible Pets,bear
Children Make Terrible Pets,bear
Baby Animals (Little Golden Book),bear
Baby Animals (Little Golden Book),squirrel
Baby Animals (Little Golden Book),chipmunk
Baby Animals (Little Golden Book),fox
Baby Animals (Little Golden Book),opossum
Baby Animals (Little Golden Book),skunk
Baby Animals (Little Golden Book),lion
Baby Animals (Little Golden Book),tiger
Baby Animals (Little Golden Book),giraffe
Baby Animals (Little Golden Book),monkey
Baby Animals (Little Golden Book),orangutan
Baby Animals (Little Golden Book),kangaroo
Baby Animals (Little Golden Book),koala
Baby Animals (Little Golden Book),woodchuck
Baby Animals (Little Golden Book),mink
Baby Animals (Little Golden Book),rabbit
Baby Animals (Little Golden Book),raccoon
Baby Animals (Little Golden Book),camel
"Father Bear Comes Home (Little Bear, #2)",bear
"Father Bear Comes Home (Little Bear, #2)",bear
"Father Bear Comes Home (Little Bear, #2)",bear
Home for a Bunny,bunny
Petunia,goose
Petunia,dog
Petunia,horse
Petunia,cat
Frog Went a-Courtin',frog
Frog Went a-Courtin',mouse
Frog Went a-Courtin',rat
Frog Went a-Courtin',rat
Frog Went a-Courtin',bug
Frog Went a-Courtin',bee
Frog Went a-Courtin',goose
Frog Went a-Courtin',fly
Frog Went a-Courtin',chicken
Frog Went a-Courtin',cat
Harry by the Sea,dog
Crictor (Reading Rainbow Books),snake
My First Counting Book,dog
The Jolly Barnyard (Little Golden Books),horse
Clifford the Small Red Puppy,dog
Leo the Late Bloomer,lion
Leo the Late Bloomer,lion
Leo the Late Bloomer,lion
The Berenstain Bears' New Baby,bear
The Berenstain Bears' New Baby,bear
The Berenstain Bears' New Baby,bear
The Berenstain Bears' New Baby,bear
Cars and Trucks and Things That Go (Giant Little Golden Book),pig
Cars and Trucks and Things That Go (Giant Little Golden Book),dog
Cars and Trucks and Things That Go (Giant Little Golden Book),fox
Cars and Trucks and Things That Go (Giant Little Golden Book),mouse
Cars and Trucks and Things That Go (Giant Little Golden Book),dog
Cars and Trucks and Things That Go (Giant Little Golden Book),pig
Cars and Trucks and Things That Go (Giant Little Golden Book),bug
Cars and Trucks and Things That Go (Giant Little Golden Book),rabbit
Cars and Trucks and Things That Go (Giant Little Golden Book),rabbit
Cars and Trucks and Things That Go (Giant Little Golden Book),ladybug
Cars and Trucks and Things That Go (Giant Little Golden Book),pig
Cars and Trucks and Things That Go (Giant Little Golden Book),pig
Cars and Trucks and Things That Go (Giant Little Golden Book),pig
Cars and Trucks and Things That Go (Giant Little Golden Book),hog
Cars and Trucks and Things That Go (Giant Little Golden Book),hog
Hope for the Flowers,caterpillar
Oh Say Can You Say? Green Back Book,dinosaur
Oh Say Can You Say? Green Back Book,ape
Oh Say Can You Say? Green Back Book,duck
Anansi the Spider: A Tale from the Ashanti,spider
Anansi the Spider: A Tale from the Ashanti,spider
Anansi the Spider: A Tale from the Ashanti,spider
Anansi the Spider: A Tale from the Ashanti,spider
Anansi the Spider: A Tale from the Ashanti,spider
Anansi the Spider: A Tale from the Ashanti,spider
Anansi the Spider: A Tale from the Ashanti,spider
Big Dog...Little Dog: A Bedtime Story,dog
Big Dog...Little Dog: A Bedtime Story,dog
Richard Scarry's Please and Thank You Book,cat
Richard Scarry's Please and Thank You Book,cat
Richard Scarry's Please and Thank You Book,cat
Richard Scarry's Please and Thank You Book,bear
Richard Scarry's Please and Thank You Book,cat
Richard Scarry's Please and Thank You Book,pig
Richard Scarry's Please and Thank You Book,pig
Richard Scarry's Please and Thank You Book,pig
Richard Scarry's Please and Thank You Book,pig
Richard Scarry's Please and Thank You Book,bunny
Richard Scarry's Please and Thank You Book,hippo
Richard Scarry's Please and Thank You Book,hyena
Richard Scarry's Please and Thank You Book,dog
Richard Scarry's Please and Thank You Book,bear
Richard Scarry's Please and Thank You Book,dog
Richard Scarry's Please and Thank You Book,dog
Richard Scarry's Please and Thank You Book,pig
Richard Scarry's Please and Thank You Book,worm
Richard Scarry's Please and Thank You Book,elephant
George and Martha,hippo
George and Martha,hippo
Because a Little Bug Went Ka-CHOO!,worm
Because a Little Bug Went Ka-CHOO!,turtle
The Very Lonely Firefly (Penguin Young Readers Level 2),firefly
Froggy Gets Dressed,frog
Froggy Gets Dressed,frog
Arthur's New Puppy,aardvark
Arthur's New Puppy,aardvark
Arthur's New Puppy,aardvark
Arthur's New Puppy,aardvark
Arthur's New Puppy,rabbit
Arthur's New Puppy,monkey
Diary of a Spider,spider
Diary of a Spider,fly
Diary of a Spider,spider
Diary of a Spider,spider
Diary of a Spider,spider
Diary of a Spider,fly
"Olive, the Other Reindeer",dog
Seven Blind Mice,mouse
Seven Blind Mice,mouse
Seven Blind Mice,mouse
Seven Blind Mice,mouse
Seven Blind Mice,mouse
Seven Blind Mice,mouse
Seven Blind Mice,mouse
Tops & Bottoms,bear
Tops & Bottoms,bear
Tops & Bottoms,hare
Tops & Bottoms,hare
"Mama, Do You Love Me?",raven
"Mama, Do You Love Me?",whale
"Julius, the Baby of the World",mouse
"Julius, the Baby of the World",mouse
"Julius, the Baby of the World",mouse
"Julius, the Baby of the World",mouse
The Crippled Lamb,lamb
The Wild Christmas Reindeer,reindeer
The Wild Christmas Reindeer,reindeer
The Wild Christmas Reindeer,reindeer
The Wild Christmas Reindeer,reindeer
Clifford The Firehouse Dog,dog
Clifford The Firehouse Dog,dog
"Mother Bruce (Mother Bruce, #1)",bear
"Mother Bruce (Mother Bruce, #1)",goose
"City Dog, Country Frog",dog
"City Dog, Country Frog",chipmunk
Pete the Cat and the Missing Cupcakes,alligator
Pete the Cat and the Missing Cupcakes,toad
The Rabbit Listened,rabbit
"Should I Share My Ice Cream? (Elephant & Piggie, #15)",elephant
"Should I Share My Ice Cream? (Elephant & Piggie, #15)",pig
Mr. Tiger Goes Wild,tiger
Mr. Tiger Goes Wild,deer
Instructions,wolf
One Cool Friend,penguin
How Rocket Learned to Read,dog
How Rocket Learned to Read,bird
One Fine Day,fox
Morris Goes to School (I Can Read Level 1),moose
The Amazing Bone,pig
The Amazing Bone,fox
The Amazing Bone,pig
The Amazing Bone,pig
"A Story, a Story",leopard
Best Little Word Book Ever (Little Golden Book),cat
Best Little Word Book Ever (Little Golden Book),cat
Best Little Word Book Ever (Little Golden Book),cat
Best Little Word Book Ever (Little Golden Book),cat
Best Little Word Book Ever (Little Golden Book),pig
Fish is Fish,frog
Fish is Fish,minnow
Diary of a Fly,fly
Diary of a Fly,fly
Diary of a Fly,spider
Diary of a Fly,ladybug
The Great Kapok Tree,boa constrictor
The Great Kapok Tree,frog
The Great Kapok Tree,jaguar
The Great Kapok Tree,sloth
Shrek!,donkey
This Moose Belongs to Me,moose
Pete the Cat and His Magic Sunglasses,toad
Pete the Cat and His Magic Sunglasses,cat
Waiting,dog
Waiting,rabbit
Waiting,elephant
Waiting,cat
Llama Llama Holiday Drama,llama
Grumpy Monkey,monkey
Grumpy Monkey,gorilla
What Do People Do All Day?,cat
What Do People Do All Day?,cat
What Do People Do All Day?,goat
What Do People Do All Day?,goat
What Do People Do All Day?,goat
What Do People Do All Day?,pig
What Do People Do All Day?,rabbit
What Do People Do All Day?,rabbit
What Do People Do All Day?,bear
What Do People Do All Day?,bear
What Do People Do All Day?,bear
What Do People Do All Day?,raccoon
What Do People Do All Day?,dog
What Do People Do All Day?,pig
What Do People Do All Day?,lion
What Do People Do All Day?,rabbit
What Do People Do All Day?,cat
What Do People Do All Day?,pig
What Do People Do All Day?,pig
What Do People Do All Day?,pig
What Do People Do All Day?,cat
What Do People Do All Day?,mouse
What Do People Do All Day?,fox
What Do People Do All Day?,cat
What Do People Do All Day?,pig